Item Number,Condition,
sw1068,U,
sw1069,U,
sw1074,U,
sw1075,U,
sw1076,U,
sw1077,U,
sw1078,U,
sw1079,U,
sw1080,U,
sw1096,U,
sw1098,U,
sw1113,U,
sw1135,U,
sw1136,U,
sw1146,U,
sw1226,U,
sw1239,U,
sw1298,U,
sw0945,U,
sw0958,U,
sw1032,U,
sw1035,U,
sw1036,U,
sw1051,U,
sw1063,U,
sw1065,U,
sw1066,U,
sw1067,U,
sw0937,U,
sw0927,U,
sw0911,U,
sw0896,U,
sw0889,U,
sw0856,U,
sw0837,U,
sw0833,U,
sw0815,U,
sw0742,U,
sw0719,U,
sw0718,U,
sw0711,U,
sw0700,U,
sw0639,U,
sw0636b,U,
sw0629,U,
sw0625,U,
sw0622,U,
sw0616,U,
sw0609,U,
sw0606,U,
sw0605,U,
sw0603,U,
sw0602,U,
sw0599,U,
sw0586,U,
sw0576,U,
sw0541,U,
sw0530,U,
sw0527a,U,
sw0526,U,
sw0519,U,
sw0515,U,
sw0495,U,
sw0494,U,
sw0453,U,
sw0438,U,
sw0435,U,
sw0431,U,
sw0423,U,
sw0411,U,
sw0398,U,
sw0387,U,
sw0381,U,
sw0344,U,
sw0333,U,
sw0326,U,
sw0322,U,
sw0319,U,
sw0316,U,
sw0308,U,
sw0288,U,
sw0285,U,
sw0284,U,
sw0280,U,
sw0279,U,
sw0254,U,
sw0226,U,
sw0224,U,
sw0221,U,
sw0210,U,
sw0196,U,
sw0193,U,
sw0163,U,
sw0092,U,
sw0050,U,
sw0034,U,
sw0030,U,
sw0027,U,
sw0025,U,
sw0024,U,
sw0011,U,
sw0002a,U,